﻿{
  "question_filename": "P6_1_01_27274_91889.png",
  "id": "27274_91889",
  "question_info": [
    {
      "question_grade": "P6",
      "question_term": 1,
      "question_unit": "01",
      "question_topic": "6101010",
      "question_topic_name": "(분수) ÷ (자연수)의 활용",
      "question_type1": "서술",
      "question_type2": 2,
      "question_condition": 0,
      "question_sector1": "이해",
      "question_sector2": "수와 연산",
      "question_step": "기본",
      "question_difficulty": 3,
      "question_contents": 0,
      "question_rtime": 49,
      "question_success_rate": 98.16
    }
  ],
  "OCR_info": [
    {
      "figure_text": null,
      "question_text": "$㉠=\\frac{9}{10}$이고 $㉡=3$일 때, $㉠$은 $㉡$의 몇 배인지 구해 보세요.",
      "question_bbox": [
        {
          "type": "line",
          "bbox": [
            1,
            1,
            569,
            41
          ],
          "text": null
        },
        {
          "type": "paragraph",
          "bbox": [
            1,
            1,
            571,
            43
          ],
          "text": "$㉠=\\frac{9}{10}$이고 $㉡=3$일 때, $㉠$은 $㉡$의 몇 배인지 구해 보세요."
        }
      ]
    }
  ]
}