﻿{
  "question_filename": "P6_1_04_42577_166244.png",
  "id": "42577_166244",
  "question_info": [
    {
      "question_grade": "P6",
      "question_term": 1,
      "question_unit": "04",
      "question_topic": "6104010",
      "question_topic_name": "비율이 사용되는 경우 알아보기",
      "question_type1": "서술",
      "question_type2": 2,
      "question_condition": 0,
      "question_sector1": "문제해결",
      "question_sector2": "변화와 관계",
      "question_step": "실생활응용",
      "question_difficulty": 2,
      "question_contents": 1,
      "question_rtime": 267,
      "question_success_rate": 81.32
    }
  ],
  "OCR_info": [
    {
      "figure_text": null,
      "question_text": "한 상자에 $16$ 개씩 들어 있는 한라봉 한 상자를 $36000$ 원에 사 와서 한라봉 한 개에 $3150$ 원씩 받고 모두 팔았습니다. 한라봉 한 상자의 구매 가격에 대한 판매 이익금의 비율을 소수로 나타내어 보세요.",
      "question_bbox": [
        {
          "type": "line",
          "bbox": [
            1,
            3,
            581,
            28
          ],
          "text": null
        },
        {
          "type": "line",
          "bbox": [
            1,
            33,
            585,
            58
          ],
          "text": null
        },
        {
          "type": "line",
          "bbox": [
            1,
            63,
            579,
            88
          ],
          "text": null
        },
        {
          "type": "line",
          "bbox": [
            1,
            93,
            144,
            118
          ],
          "text": null
        },
        {
          "type": "paragraph",
          "bbox": [
            1,
            2,
            587,
            119
          ],
          "text": "한 상자에 $16$ 개씩 들어 있는 한라봉 한 상자를 $36000$ 원에 사 와서 한라봉 한 개에 $3150$ 원씩 받고 모두 팔았습니다. 한라봉 한 상자의 구매 가격에 대한 판매 이익금의 비율을 소수로 나타내어 보세요."
        }
      ]
    }
  ]
}