﻿{
  "question_filename": "P6_1_03_27535_91356.png",
  "id": "27535_91356",
  "question_info": [
    {
      "question_grade": "P6",
      "question_term": 1,
      "question_unit": "03",
      "question_topic": "6103018",
      "question_topic_name": "(자연수) ÷ (자연수)의 활용",
      "question_type1": "서술",
      "question_type2": 2,
      "question_condition": 1,
      "question_sector1": "이해",
      "question_sector2": "수와 연산",
      "question_step": "실생활응용",
      "question_difficulty": 2,
      "question_contents": 0,
      "question_rtime": 80,
      "question_success_rate": 90.52
    }
  ],
  "OCR_info": [
    {
      "figure_text": null,
      "question_text": "지수는 찰흙 $7kg$을 똑같이 $4$ 덩이로 나눠 그중 한 덩이로 자동차를 만들었습니다. 자동차를 만드는 데 사용한 찰흙은 몇 $kg$인지 소수로 나타내어 보세요.",
      "question_bbox": [
        {
          "type": "line",
          "bbox": [
            1,
            3,
            590,
            31
          ],
          "text": null
        },
        {
          "type": "line",
          "bbox": [
            1,
            33,
            580,
            61
          ],
          "text": null
        },
        {
          "type": "line",
          "bbox": [
            2,
            63,
            287,
            88
          ],
          "text": null
        },
        {
          "type": "paragraph",
          "bbox": [
            1,
            2,
            592,
            89
          ],
          "text": "지수는 찰흙 $7kg$을 똑같이 $4$ 덩이로 나눠 그중 한 덩이로 자동차를 만들었습니다. 자동차를 만드는 데 사용한 찰흙은 몇 $kg$인지 소수로 나타내어 보세요."
        }
      ]
    }
  ]
}