﻿{
  "question_filename": "P6_1_04_34868_165849.png",
  "id": "34868_165849",
  "question_info": [
    {
      "question_grade": "P6",
      "question_term": 1,
      "question_unit": "04",
      "question_topic": "6104006",
      "question_topic_name": "비의 활용",
      "question_type1": "서술",
      "question_type2": 1,
      "question_condition": 0,
      "question_sector1": "이해",
      "question_sector2": "변화와 관계",
      "question_step": "실생활응용",
      "question_difficulty": 2,
      "question_contents": 0,
      "question_rtime": 55,
      "question_success_rate": 90.72
    }
  ],
  "OCR_info": [
    {
      "figure_text": null,
      "question_text": "비누 만들기 체험장을 방문한 일별 어른 수와 어린이 수를 나타낸 표입니다. $4$ 일에 방문한 어른 수와 전체 어린이 수의 비를 구해 보세요. <table border> <tbody> <tr> <td></td> <td>$1$일</td> <td>$2$일</td> <td>$3$일</td> <td>$4$일</td> <td>$5$일</td> </tr> <tr> <td>어른 수 (명)</td> <td>$3$</td> <td>$1$</td> <td>$4$</td> <td>$2$</td> <td>$5$</td> </tr> <tr> <td>어린이 수 (명)</td> <td>$2$</td> <td>$1$</td> <td>$4$</td> <td>$3$</td> <td>$6$</td> </tr> </tbody> </table>",
      "question_bbox": [
        {
          "type": "line",
          "bbox": [
            1,
            3,
            579,
            28
          ],
          "text": null
        },
        {
          "type": "line",
          "bbox": [
            1,
            33,
            577,
            58
          ],
          "text": null
        },
        {
          "type": "line",
          "bbox": [
            1,
            63,
            150,
            88
          ],
          "text": null
        },
        {
          "type": "image",
          "bbox": [
            57,
            100,
            514,
            246
          ],
          "text": null
        },
        {
          "type": "paragraph",
          "bbox": [
            1,
            2,
            581,
            89
          ],
          "text": "비누 만들기 체험장을 방문한 일별 어른 수와 어린이 수를 나타낸 표입니다. $4$ 일에 방문한 어른 수와 전체 어린이 수의 비를 구해 보세요. <table border> <tbody> <tr> <td></td> <td>$1$일</td> <td>$2$일</td> <td>$3$일</td> <td>$4$일</td> <td>$5$일</td> </tr> <tr> <td>어른 수 (명)</td> <td>$3$</td> <td>$1$</td> <td>$4$</td> <td>$2$</td> <td>$5$</td> </tr> <tr> <td>어린이 수 (명)</td> <td>$2$</td> <td>$1$</td> <td>$4$</td> <td>$3$</td> <td>$6$</td> </tr> </tbody> </table>"
        }
      ]
    }
  ]
}