﻿{
  "question_filename": "P6_1_04_42555_165799.png",
  "id": "42555_165799",
  "question_info": [
    {
      "question_grade": "P6",
      "question_term": 1,
      "question_unit": "04",
      "question_topic": "6104002",
      "question_topic_name": "변하는 두 수 비교하기",
      "question_type1": "서술",
      "question_type2": 2,
      "question_condition": 0,
      "question_sector1": "문제해결",
      "question_sector2": "변화와 관계",
      "question_step": "실생활응용",
      "question_difficulty": 3,
      "question_contents": 0,
      "question_rtime": 82,
      "question_success_rate": 96.29
    }
  ],
  "OCR_info": [
    {
      "figure_text": null,
      "question_text": "파란색 구슬 $4$ 개와 분홍색 구슬 $16$ 개를 꿰어서 목걸이 한 개를 만들 수 있습니다. 똑같은 목걸이를 여러 개 만들 때 분홍색 구슬 $192$ 개를 모두 사용하려면 파란색 구슬은 몇 개 필요한지 구해 보세요.",
      "question_bbox": [
        {
          "type": "line",
          "bbox": [
            1,
            3,
            578,
            28
          ],
          "text": null
        },
        {
          "type": "line",
          "bbox": [
            1,
            33,
            588,
            58
          ],
          "text": null
        },
        {
          "type": "line",
          "bbox": [
            1,
            63,
            589,
            88
          ],
          "text": null
        },
        {
          "type": "line",
          "bbox": [
            1,
            93,
            122,
            118
          ],
          "text": null
        },
        {
          "type": "paragraph",
          "bbox": [
            1,
            2,
            591,
            119
          ],
          "text": "파란색 구슬 $4$ 개와 분홍색 구슬 $16$ 개를 꿰어서 목걸이 한 개를 만들 수 있습니다. 똑같은 목걸이를 여러 개 만들 때 분홍색 구슬 $192$ 개를 모두 사용하려면 파란색 구슬은 몇 개 필요한지 구해 보세요."
        }
      ]
    }
  ]
}