﻿{
  "question_filename": "P6_1_01_34718_139002.png",
  "id": "34718_139002",
  "question_info": [
    {
      "question_grade": "P6",
      "question_term": 1,
      "question_unit": "01",
      "question_topic": "6101006",
      "question_topic_name": "(자연수) ÷ (자연수)의 몫을 분수로 나타내기",
      "question_type1": "서술",
      "question_type2": 1,
      "question_condition": 0,
      "question_sector1": "계산",
      "question_sector2": "수와 연산",
      "question_step": "기본",
      "question_difficulty": 1,
      "question_contents": 0,
      "question_rtime": 117,
      "question_success_rate": 73.33
    }
  ],
  "OCR_info": [
    {
      "figure_text": null,
      "question_text": "나눗셈의 몫이 가장 큰 것을 찾아 기호를 선택해 보세요. ㄱ. $13\\div7$   ㄴ. $15\\div7$   ㄷ. $21\\div4$   ㄹ. $27\\div8$",
      "question_bbox": [
        {
          "type": "line",
          "bbox": [
            1,
            3,
            534,
            28
          ],
          "text": null
        },
        {
          "type": "line",
          "bbox": [
            116,
            66,
            388,
            87
          ],
          "text": null
        },
        {
          "type": "line",
          "bbox": [
            116,
            104,
            388,
            125
          ],
          "text": null
        },
        {
          "type": "paragraph",
          "bbox": [
            1,
            2,
            537,
            143
          ],
          "text": "나눗셈의 몫이 가장 큰 것을 찾아 기호를 선택해 보세요. ㄱ. $13\\div7$   ㄴ. $15\\div7$   ㄷ. $21\\div4$   ㄹ. $27\\div8$"
        }
      ]
    }
  ]
}