﻿{
  "question_filename": "P6_1_06_34974_140569.png",
  "id": "34974_140569",
  "question_info": [
    {
      "question_grade": "P6",
      "question_term": 1,
      "question_unit": "06",
      "question_topic": "6106019",
      "question_topic_name": "직육면체의 겉넓이의 활용",
      "question_type1": "서술",
      "question_type2": 1,
      "question_condition": 0,
      "question_sector1": "문제해결",
      "question_sector2": "도형과 측정",
      "question_step": "실생활응용",
      "question_difficulty": 2,
      "question_contents": 0,
      "question_rtime": 66,
      "question_success_rate": 90.05
    }
  ],
  "OCR_info": [
    {
      "figure_text": "한 변의 길이가 10 cm인 정사각형 ㄱ과, 가로가 15 cm이고 세로가 10 cm인 직사각형 ㄴ",
      "question_text": "보영이는 $㉠$ 종이 $2$ 장, $㉡$ 종이 $4$ 장을 남는 부분 없이 모두 사용하여 직육면체를 만들었습니다. 보영이가 만든 직육면체의 겉넓이는 몇 $cm^2$인지 구해 보세요.",
      "question_bbox": [
        {
          "type": "line",
          "bbox": [
            1,
            3,
            585,
            29
          ],
          "text": null
        },
        {
          "type": "line",
          "bbox": [
            1,
            33,
            582,
            58
          ],
          "text": null
        },
        {
          "type": "line",
          "bbox": [
            1,
            61,
            328,
            89
          ],
          "text": null
        },
        {
          "type": "image",
          "bbox": [
            59,
            85,
            514,
            249
          ],
          "text": null
        },
        {
          "type": "paragraph",
          "bbox": [
            1,
            2,
            586,
            90
          ],
          "text": "보영이는 $㉠$ 종이 $2$ 장, $㉡$ 종이 $4$ 장을 남는 부분 없이 모두 사용하여 직육면체를 만들었습니다. 보영이가 만든 직육면체의 겉넓이는 몇 $cm^2$인지 구해 보세요."
        }
      ]
    }
  ]
}