﻿{
  "question_filename": "P6_1_04_28048_95140.png",
  "id": "28048_95140",
  "question_info": [
    {
      "question_grade": "P6",
      "question_term": 1,
      "question_unit": "04",
      "question_topic": "6104014",
      "question_topic_name": "백분율이 사용되는 경우 알아보기",
      "question_type1": "서술",
      "question_type2": 1,
      "question_condition": 0,
      "question_sector1": "문제해결",
      "question_sector2": "변화와 관계",
      "question_step": "실생활응용",
      "question_difficulty": 2,
      "question_contents": 0,
      "question_rtime": 135,
      "question_success_rate": 81.22
    }
  ],
  "OCR_info": [
    {
      "figure_text": null,
      "question_text": "수학여행을 갈 때 기차를 타는 것에 찬성하는 학생 수를 조사했습니다. 각 반의 찬성률을 백분율로 나타내어 보고, 찬성률이 가장 낮은 반은 몇 반인지 구해 보세요.  <table border> <tbody>   <tr>     <td></td>     <td>전체 학생 수 (명)</td>     <td>찬성하는 학생 수 (명)</td>     <td>찬성률 ($\\%$)</td>   </tr>   <tr>     <td>$1$반</td>     <td>$45$</td>     <td>$27$</td>     <td>$\\square$<br></td>   </tr>   <tr>     <td>$2$반</td>     <td>$40$</td>     <td>$28$</td>     <td>$\\square$</td>   </tr>   <tr>     <td>$3$반</td>     <td>$42$</td>     <td>$21$</td>     <td>$\\square$</td>   </tr> </tbody> </table>",
      "question_bbox": [
        {
          "type": "line",
          "bbox": [
            1,
            3,
            579,
            28
          ],
          "text": null
        },
        {
          "type": "line",
          "bbox": [
            1,
            33,
            578,
            59
          ],
          "text": null
        },
        {
          "type": "line",
          "bbox": [
            1,
            63,
            397,
            88
          ],
          "text": null
        },
        {
          "type": "line",
          "bbox": [
            8.8,
            101.57,
            587.8,
            299.57
          ],
          "text": null
        },
        {
          "type": "paragraph",
          "bbox": [
            0,
            4.57,
            587.8,
            298.57
          ],
          "text": "수학여행을 갈 때 기차를 타는 것에 찬성하는 학생 수를 조사했습니다. 각 반의 찬성률을 백분율로 나타내어 보고, 찬성률이 가장 낮은 반은 몇 반인지 구해 보세요.  <table border> <tbody>   <tr>     <td></td>     <td>전체 학생 수 (명)</td>     <td>찬성하는 학생 수 (명)</td>     <td>찬성률 ($\\%$)</td>   </tr>   <tr>     <td>$1$반</td>     <td>$45$</td>     <td>$27$</td>     <td>$\\square$<br></td>   </tr>   <tr>     <td>$2$반</td>     <td>$40$</td>     <td>$28$</td>     <td>$\\square$</td>   </tr>   <tr>     <td>$3$반</td>     <td>$42$</td>     <td>$21$</td>     <td>$\\square$</td>   </tr> </tbody> </table>"
        }
      ]
    }
  ]
}