﻿{
  "question_filename": "P6_1_05_42725_166617.png",
  "id": "42725_166617",
  "question_info": [
    {
      "question_grade": "P6",
      "question_term": 1,
      "question_unit": "05",
      "question_topic": "6105010",
      "question_topic_name": "띠그래프 해석하기",
      "question_type1": "서술",
      "question_type2": 1,
      "question_condition": 0,
      "question_sector1": "문제해결",
      "question_sector2": "자료와 가능성",
      "question_step": "실생활응용",
      "question_difficulty": 3,
      "question_contents": 0,
      "question_rtime": 197,
      "question_success_rate": 96.79
    }
  ],
  "OCR_info": [
    {
      "figure_text": null,
      "question_text": "선아네 집 한 달 생활비의 쓰임새를 나타낸 띠그래프입니다. 주거비는 교육비의 $0.8$ 배, 식비는 주거비의 $\\frac{4}{7}$ 배, 기타 생활비는 교통비의 $2$ 배입니다. 교통비는 전체의 몇 $\\%$인지 구해 보세요.",
      "question_bbox": [
        {
          "type": "line",
          "bbox": [
            1,
            3,
            573,
            28
          ],
          "text": null
        },
        {
          "type": "line",
          "bbox": [
            1,
            29,
            594,
            70
          ],
          "text": null
        },
        {
          "type": "line",
          "bbox": [
            1,
            78,
            590,
            103
          ],
          "text": null
        },
        {
          "type": "line",
          "bbox": [
            1,
            110,
            29,
            131
          ],
          "text": null
        },
        {
          "type": "image",
          "bbox": [
            55,
            150,
            521,
            285
          ],
          "text": null
        },
        {
          "type": "paragraph",
          "bbox": [
            1,
            2,
            596,
            132
          ],
          "text": "선아네 집 한 달 생활비의 쓰임새를 나타낸 띠그래프입니다. 주거비는 교육비의 $0.8$ 배, 식비는 주거비의 $\\frac{4}{7}$ 배, 기타 생활비는 교통비의 $2$ 배입니다. 교통비는 전체의 몇 $\\%$인지 구해 보세요."
        }
      ]
    }
  ]
}