﻿{
  "question_filename": "P6_1_01_27254_92599.png",
  "id": "27254_92599",
  "question_info": [
    {
      "question_grade": "P6",
      "question_term": 1,
      "question_unit": "01",
      "question_topic": "6101017",
      "question_topic_name": "(대분수) ÷ (자연수)의 활용",
      "question_type1": "서술",
      "question_type2": 1,
      "question_condition": 0,
      "question_sector1": "추론",
      "question_sector2": "수와 연산",
      "question_step": "기본",
      "question_difficulty": 3,
      "question_contents": 0,
      "question_rtime": 70,
      "question_success_rate": 91.36
    }
  ],
  "OCR_info": [
    {
      "figure_text": null,
      "question_text": "$3$ 장의 수 카드를 모두 한 번씩만 사용하여 가장 큰 대분수를 만든 다음, 만든 대분수를 수 카드 중 가장 작은 수로 나눈 나눗셈의 계산 결과를 구해 보세요. $3$ $  $ $5$ $  $ $6$",
      "question_bbox": [
        {
          "type": "line",
          "bbox": [
            1,
            3,
            574,
            28
          ],
          "text": null
        },
        {
          "type": "line",
          "bbox": [
            1,
            33,
            593,
            59
          ],
          "text": null
        },
        {
          "type": "line",
          "bbox": [
            2,
            63,
            293,
            88
          ],
          "text": null
        },
        {
          "type": "image",
          "bbox": [
            226,
            103,
            371,
            164
          ],
          "text": null
        },
        {
          "type": "paragraph",
          "bbox": [
            1,
            2,
            597,
            89
          ],
          "text": "$3$ 장의 수 카드를 모두 한 번씩만 사용하여 가장 큰 대분수를 만든 다음, 만든 대분수를 수 카드 중 가장 작은 수로 나눈 나눗셈의 계산 결과를 구해 보세요. $3$ $  $ $5$ $  $ $6$"
        }
      ]
    }
  ]
}