﻿{
  "question_filename": "P6_1_03_27360_91370.png",
  "id": "27360_91370",
  "question_info": [
    {
      "question_grade": "P6",
      "question_term": 1,
      "question_unit": "03",
      "question_topic": "6103005",
      "question_topic_name": "각 자리에서 나누어떨어지지 않는 (소수) ÷ (자연수)",
      "question_type1": "서술",
      "question_type2": 2,
      "question_condition": 0,
      "question_sector1": "문제해결",
      "question_sector2": "수와 연산",
      "question_step": "기본",
      "question_difficulty": 2,
      "question_contents": 0,
      "question_rtime": 81,
      "question_success_rate": 84.13
    }
  ],
  "OCR_info": [
    {
      "figure_text": null,
      "question_text": "어떤 소수를 $4$로 나누어야 할 것을 잘못하여 곱했더니 $83.2$가 되었습니다. 바르게 계산하면 얼마인지 구해 보세요.",
      "question_bbox": [
        {
          "type": "line",
          "bbox": [
            1,
            3,
            581,
            28
          ],
          "text": null
        },
        {
          "type": "line",
          "bbox": [
            1,
            33,
            502,
            58
          ],
          "text": null
        },
        {
          "type": "paragraph",
          "bbox": [
            1,
            2,
            583,
            59
          ],
          "text": "어떤 소수를 $4$로 나누어야 할 것을 잘못하여 곱했더니 $83.2$가 되었습니다. 바르게 계산하면 얼마인지 구해 보세요."
        }
      ]
    }
  ]
}