﻿{
  "question_filename": "P6_2_04_30404_110179.png",
  "id": "30404_110179",
  "question_info": [
    {
      "question_grade": "P6",
      "question_term": 2,
      "question_unit": "04",
      "question_topic": "6204005",
      "question_topic_name": "(소수):(소수)의 비를 간단한 자연수 비로 나타내기",
      "question_type1": "서술",
      "question_type2": 2,
      "question_condition": 0,
      "question_sector1": "이해",
      "question_sector2": "변화와 관계",
      "question_step": "기본",
      "question_difficulty": 3,
      "question_contents": 0,
      "question_rtime": 65,
      "question_success_rate": 96.26
    }
  ],
  "OCR_info": [
    {
      "figure_text": null,
      "question_text": "삼각형과 사각형의 넓이의 비는 $3.7:4.1$입니다. 삼각형과 사각형의 넓이의 비를 가장 간단한 자연수의 비로 나타내어 보세요.",
      "question_bbox": [
        {
          "type": "line",
          "bbox": [
            1,
            3,
            597,
            28
          ],
          "text": null
        },
        {
          "type": "line",
          "bbox": [
            1,
            33,
            572,
            58
          ],
          "text": null
        },
        {
          "type": "line",
          "bbox": [
            1,
            65,
            29,
            86
          ],
          "text": null
        },
        {
          "type": "paragraph",
          "bbox": [
            1,
            2,
            597,
            87
          ],
          "text": "삼각형과 사각형의 넓이의 비는 $3.7:4.1$입니다. 삼각형과 사각형의 넓이의 비를 가장 간단한 자연수의 비로 나타내어 보세요."
        }
      ]
    }
  ]
}