﻿{
  "question_filename": "P6_2_06_41041_159817.png",
  "id": "41041_159817",
  "question_info": [
    {
      "question_grade": "P6",
      "question_term": 2,
      "question_unit": "06",
      "question_topic": "6206004",
      "question_topic_name": "원기둥의 활용",
      "question_type1": "서술",
      "question_type2": 1,
      "question_condition": 0,
      "question_sector1": "이해",
      "question_sector2": "도형과 측정",
      "question_step": "기본",
      "question_difficulty": 2,
      "question_contents": 0,
      "question_rtime": 69,
      "question_success_rate": 90.3
    }
  ],
  "OCR_info": [
    {
      "figure_text": null,
      "question_text": "한 변을 기준으로 직사각형 모양의 종이를 돌려 만든 입체도형을 앞에서 본 모양의 둘레는 몇 $cm$인지 구해 보세요.",
      "question_bbox": [
        {
          "type": "line",
          "bbox": [
            1,
            3,
            593,
            28
          ],
          "text": null
        },
        {
          "type": "line",
          "bbox": [
            2,
            33,
            496,
            58
          ],
          "text": null
        },
        {
          "type": "image",
          "bbox": [
            202,
            78,
            356,
            264
          ],
          "text": null
        },
        {
          "type": "paragraph",
          "bbox": [
            1,
            2,
            595,
            59
          ],
          "text": "한 변을 기준으로 직사각형 모양의 종이를 돌려 만든 입체도형을 앞에서 본 모양의 둘레는 몇 $cm$인지 구해 보세요."
        }
      ]
    }
  ]
}