﻿{
  "question_filename": "P6_2_05_34069_133439.png",
  "id": "34069_133439",
  "question_info": [
    {
      "question_grade": "P6",
      "question_term": 2,
      "question_unit": "05",
      "question_topic": "6205015",
      "question_topic_name": "원의 넓이의 활용",
      "question_type1": "서술",
      "question_type2": 1,
      "question_condition": 0,
      "question_sector1": "계산",
      "question_sector2": "도형과 측정",
      "question_step": "기본",
      "question_difficulty": 2,
      "question_contents": 0,
      "question_rtime": 145,
      "question_success_rate": 78.87
    }
  ],
  "OCR_info": [
    {
      "figure_text": "반지름이 14 cm인 반원의 지름과 지름이 14 cm인 두 반원의 지름이 접하는 평면도형",
      "question_text": "다음 도형의 넓이를 구해 보세요. (원주율 : $3.1$)",
      "question_bbox": [
        {
          "type": "line",
          "bbox": [
            1,
            3,
            447,
            30
          ],
          "text": null
        },
        {
          "type": "image",
          "bbox": [
            204,
            48,
            403,
            312
          ],
          "text": null
        },
        {
          "type": "paragraph",
          "bbox": [
            1,
            1,
            449,
            32
          ],
          "text": "다음 도형의 넓이를 구해 보세요. (원주율 : $3.1$)"
        }
      ]
    }
  ]
}