﻿{
  "question_filename": "P6_2_02_40915_159311.png",
  "id": "40915_159311",
  "question_info": [
    {
      "question_grade": "P6",
      "question_term": 2,
      "question_unit": "02",
      "question_topic": "6202012",
      "question_topic_name": "(자연수)÷(소수 한 자리 수)_세로셈",
      "question_type1": "서술",
      "question_type2": 1,
      "question_condition": 0,
      "question_sector1": "문제해결",
      "question_sector2": "수와 연산",
      "question_step": "실생활응용",
      "question_difficulty": 2,
      "question_contents": 0,
      "question_rtime": 254,
      "question_success_rate": 89.12
    }
  ],
  "OCR_info": [
    {
      "figure_text": null,
      "question_text": "그림과 같이 한 장의 길이가 $42$$ cm$인 색 테이프를 $7.5$ $cm$씩 겹치게 이었더니 이은 색 테이프의 전체 길이가 $456$ $cm$가 되었습니다. 이은 색 테이프는 모두 몇 장인지 구해 보세요.",
      "question_bbox": [
        {
          "type": "line",
          "bbox": [
            1,
            3,
            582,
            28
          ],
          "text": null
        },
        {
          "type": "line",
          "bbox": [
            1,
            33,
            593,
            58
          ],
          "text": null
        },
        {
          "type": "line",
          "bbox": [
            2,
            63,
            496,
            88
          ],
          "text": null
        },
        {
          "type": "image",
          "bbox": [
            147,
            113,
            451,
            222
          ],
          "text": null
        },
        {
          "type": "paragraph",
          "bbox": [
            1,
            2,
            597,
            89
          ],
          "text": "그림과 같이 한 장의 길이가 $42$$ cm$인 색 테이프를 $7.5$ $cm$씩 겹치게 이었더니 이은 색 테이프의 전체 길이가 $456$ $cm$가 되었습니다. 이은 색 테이프는 모두 몇 장인지 구해 보세요."
        }
      ]
    }
  ]
}