﻿{
  "question_filename": "P6_2_05_19080_38057.png",
  "id": "19080_38057",
  "question_info": [
    {
      "question_grade": "P6",
      "question_term": 2,
      "question_unit": "05",
      "question_topic": "6205017",
      "question_topic_name": "원주의 활용",
      "question_type1": "서술",
      "question_type2": 1,
      "question_condition": 0,
      "question_sector1": "추론",
      "question_sector2": "도형과 측정",
      "question_step": "기본",
      "question_difficulty": 1,
      "question_contents": 0,
      "question_rtime": 202,
      "question_success_rate": 47.34
    }
  ],
  "OCR_info": [
    {
      "figure_text": null,
      "question_text": "다음 도형은 반지름이 $11 cm$인 원의 일부입니다. 이 도형의 둘레를 구해 보세요. (원주율 : $3$)",
      "question_bbox": [
        {
          "type": "line",
          "bbox": [
            1,
            3,
            590,
            28
          ],
          "text": null
        },
        {
          "type": "line",
          "bbox": [
            1,
            33,
            287,
            60
          ],
          "text": null
        },
        {
          "type": "image",
          "bbox": [
            196,
            79,
            401,
            283
          ],
          "text": null
        },
        {
          "type": "paragraph",
          "bbox": [
            1,
            2,
            592,
            61
          ],
          "text": "다음 도형은 반지름이 $11 cm$인 원의 일부입니다. 이 도형의 둘레를 구해 보세요. (원주율 : $3$)"
        }
      ]
    }
  ]
}