﻿{
  "question_filename": "P6_2_01_19820_41174.png",
  "id": "19820_41174",
  "question_info": [
    {
      "question_grade": "P6",
      "question_term": 2,
      "question_unit": "01",
      "question_topic": "6201014",
      "question_topic_name": "(대분수)÷(분수)를 분수의 곱셈으로 바꾸어 계산하기",
      "question_type1": "서술",
      "question_type2": 2,
      "question_condition": 0,
      "question_sector1": "문제해결",
      "question_sector2": "수와 연산",
      "question_step": "기본",
      "question_difficulty": 1,
      "question_contents": 0,
      "question_rtime": 190,
      "question_success_rate": 76.09
    }
  ],
  "OCR_info": [
    {
      "figure_text": null,
      "question_text": "어떤 수를 $\\frac{4}{9}$로 나누어야 할 것을 잘못하여 곱하였더니 $10$이 되었습니다. 잘못 계산한 값과 바르게 계산한 값의 차는 얼마인가요?",
      "question_bbox": [
        {
          "type": "line",
          "bbox": [
            1,
            1,
            572,
            40
          ],
          "text": null
        },
        {
          "type": "line",
          "bbox": [
            1,
            48,
            579,
            73
          ],
          "text": null
        },
        {
          "type": "line",
          "bbox": [
            1,
            78,
            78,
            103
          ],
          "text": null
        },
        {
          "type": "paragraph",
          "bbox": [
            1,
            1,
            581,
            104
          ],
          "text": "어떤 수를 $\\frac{4}{9}$로 나누어야 할 것을 잘못하여 곱하였더니 $10$이 되었습니다. 잘못 계산한 값과 바르게 계산한 값의 차는 얼마인가요?"
        }
      ]
    }
  ]
}