﻿{
  "question_filename": "P6_2_06_31232_114517.png",
  "id": "31232_114517",
  "question_info": [
    {
      "question_grade": "P6",
      "question_term": 2,
      "question_unit": "06",
      "question_topic": "6206007",
      "question_topic_name": "원기둥의 전개도의 활용",
      "question_type1": "서술",
      "question_type2": 1,
      "question_condition": 0,
      "question_sector1": "이해",
      "question_sector2": "도형과 측정",
      "question_step": "기본",
      "question_difficulty": 2,
      "question_contents": 0,
      "question_rtime": 89,
      "question_success_rate": 89.61
    }
  ],
  "OCR_info": [
    {
      "figure_text": null,
      "question_text": "원기둥의 전개도에서 옆면의 가로가 $27 cm$, 세로가 $9 cm$일 때 전개도의 둘레를 구해 보세요.",
      "question_bbox": [
        {
          "type": "line",
          "bbox": [
            1,
            3,
            583,
            29
          ],
          "text": null
        },
        {
          "type": "line",
          "bbox": [
            1,
            33,
            287,
            58
          ],
          "text": null
        },
        {
          "type": "image",
          "bbox": [
            147,
            77,
            448,
            325
          ],
          "text": null
        },
        {
          "type": "paragraph",
          "bbox": [
            1,
            2,
            585,
            59
          ],
          "text": "원기둥의 전개도에서 옆면의 가로가 $27 cm$, 세로가 $9 cm$일 때 전개도의 둘레를 구해 보세요."
        }
      ]
    }
  ]
}