﻿{
  "question_filename": "P6_2_01_29740_107425.png",
  "id": "29740_107425",
  "question_info": [
    {
      "question_grade": "P6",
      "question_term": 2,
      "question_unit": "01",
      "question_topic": "6201016",
      "question_topic_name": "분모가 다른 (분수)÷(분수)의 활용",
      "question_type1": "서술",
      "question_type2": 1,
      "question_condition": 0,
      "question_sector1": "이해",
      "question_sector2": "수와 연산",
      "question_step": "기본",
      "question_difficulty": 2,
      "question_contents": 0,
      "question_rtime": 66,
      "question_success_rate": 86.78
    }
  ],
  "OCR_info": [
    {
      "figure_text": null,
      "question_text": "세로가 $\\frac{3}{5} m$인 직사각형의 넓이가 $\\frac{7}{12} m^2$입니다. 이 직사각형의 가로를 구해 보세요.",
      "question_bbox": [
        {
          "type": "line",
          "bbox": [
            1,
            1,
            586,
            40
          ],
          "text": null
        },
        {
          "type": "line",
          "bbox": [
            1,
            48,
            221,
            73
          ],
          "text": null
        },
        {
          "type": "image",
          "bbox": [
            146,
            99,
            451,
            253
          ],
          "text": null
        },
        {
          "type": "paragraph",
          "bbox": [
            1,
            1,
            588,
            74
          ],
          "text": "세로가 $\\frac{3}{5} m$인 직사각형의 넓이가 $\\frac{7}{12} m^2$입니다. 이 직사각형의 가로를 구해 보세요."
        }
      ]
    }
  ]
}