﻿{
  "question_filename": "P6_2_04_20225_46761.png",
  "id": "20225_46761",
  "question_info": [
    {
      "question_grade": "P6",
      "question_term": 2,
      "question_unit": "04",
      "question_topic": "6204016",
      "question_topic_name": "비례식의 성질을 이용하여 □의 값 구하기",
      "question_type1": "서술",
      "question_type2": 1,
      "question_condition": 0,
      "question_sector1": "이해",
      "question_sector2": "변화와 관계",
      "question_step": "기본",
      "question_difficulty": 3,
      "question_contents": 0,
      "question_rtime": 41,
      "question_success_rate": 97.99
    }
  ],
  "OCR_info": [
    {
      "figure_text": null,
      "question_text": "다음 비례식에서 비례식의 성질을 이용하여 $△$의 값을 구해 보세요. $10 : △=70 : 63$",
      "question_bbox": [
        {
          "type": "line",
          "bbox": [
            1,
            3,
            594,
            28
          ],
          "text": null
        },
        {
          "type": "line",
          "bbox": [
            1,
            33,
            51,
            58
          ],
          "text": null
        },
        {
          "type": "line",
          "bbox": [
            226,
            98,
            371,
            118
          ],
          "text": null
        },
        {
          "type": "paragraph",
          "bbox": [
            1,
            2,
            594,
            132
          ],
          "text": "다음 비례식에서 비례식의 성질을 이용하여 $△$의 값을 구해 보세요. $10 : △=70 : 63$"
        }
      ]
    }
  ]
}