﻿{
  "question_filename": "P6_2_02_18354_35553.png",
  "id": "18354_35553",
  "question_info": [
    {
      "question_grade": "P6",
      "question_term": 2,
      "question_unit": "02",
      "question_topic": "6202024",
      "question_topic_name": "소수 한 자리 수의 나눗셈의 활용",
      "question_type1": "서술",
      "question_type2": 2,
      "question_condition": 1,
      "question_sector1": "이해",
      "question_sector2": "수와 연산",
      "question_step": "실생활응용",
      "question_difficulty": 1,
      "question_contents": 0,
      "question_rtime": 53,
      "question_success_rate": 29.93
    }
  ],
  "OCR_info": [
    {
      "figure_text": null,
      "question_text": "도로 한 쪽에 처음부터 끝까지 가로등이 $15.3m$ 간격으로 세워져 있습니다. 도로의 길이가 $122.4m$일 때 도로 한 쪽에 세워져 있는 가로등은 모두 몇 개인지 구해 보세요. (단, 가로등의 두께는 생각하지 않습니다.)",
      "question_bbox": [
        {
          "type": "line",
          "bbox": [
            1,
            3,
            589,
            28
          ],
          "text": null
        },
        {
          "type": "line",
          "bbox": [
            1,
            33,
            589,
            58
          ],
          "text": null
        },
        {
          "type": "line",
          "bbox": [
            1,
            63,
            596,
            90
          ],
          "text": null
        },
        {
          "type": "line",
          "bbox": [
            1,
            93,
            224,
            120
          ],
          "text": null
        },
        {
          "type": "paragraph",
          "bbox": [
            1,
            2,
            597,
            121
          ],
          "text": "도로 한 쪽에 처음부터 끝까지 가로등이 $15.3m$ 간격으로 세워져 있습니다. 도로의 길이가 $122.4m$일 때 도로 한 쪽에 세워져 있는 가로등은 모두 몇 개인지 구해 보세요. (단, 가로등의 두께는 생각하지 않습니다.)"
        }
      ]
    }
  ]
}